edge_key,reference_ligand_a,reference_ligand_b,reference_oriented_edge_key,docking_am1bcc_ddg_kcal_mol,docking_am1bcc_ddg_err_kcal_mol,docking_am1bcc_failed,docking_am1bcc_score,docking_nagl_oriented_edge_key,docking_nagl_ddg_kcal_mol_original_orientation,docking_nagl_ddg_err_kcal_mol,docking_nagl_failed,docking_nagl_score,docking_nagl_orientation_sign_vs_reference,docking_nagl_ddg_kcal_mol,docking_nagl_minus_docking_am1bcc_ddg_kcal_mol,docking_am1bcc_4ns_oriented_edge_key,docking_am1bcc_4ns_ddg_kcal_mol_original_orientation,docking_am1bcc_4ns_ddg_err_kcal_mol,docking_am1bcc_4ns_failed,docking_am1bcc_4ns_score,docking_am1bcc_4ns_orientation_sign_vs_reference,docking_am1bcc_4ns_ddg_kcal_mol,docking_am1bcc_4ns_minus_docking_am1bcc_ddg_kcal_mol,docking_am1bcc_350local_oriented_edge_key,docking_am1bcc_350local_ddg_kcal_mol_original_orientation,docking_am1bcc_350local_ddg_err_kcal_mol,docking_am1bcc_350local_failed,docking_am1bcc_350local_score,docking_am1bcc_350local_orientation_sign_vs_reference,docking_am1bcc_350local_ddg_kcal_mol,docking_am1bcc_350local_minus_docking_am1bcc_ddg_kcal_mol,docking_am1bcc_0local_oriented_edge_key,docking_am1bcc_0local_ddg_kcal_mol_original_orientation,docking_am1bcc_0local_ddg_err_kcal_mol,docking_am1bcc_0local_failed,docking_am1bcc_0local_score,docking_am1bcc_0local_orientation_sign_vs_reference,docking_am1bcc_0local_ddg_kcal_mol,docking_am1bcc_0local_minus_docking_am1bcc_ddg_kcal_mol,all_docked_edge_ddg_mean_kcal_mol,all_docked_edge_ddg_std_kcal_mol,all_docked_edge_ddg_range_kcal_mol,all_docked_edge_ddg_max_abs_deviation_from_mean_kcal_mol,am1bcc_edge_ddg_mean_kcal_mol,am1bcc_edge_ddg_std_kcal_mol,am1bcc_edge_ddg_range_kcal_mol,am1bcc_edge_ddg_max_abs_deviation_from_mean_kcal_mol,edge_in_docked_graph,xtal_nagl_ddg_kcal_mol,xtal_nagl_ddg_err_kcal_mol,xtal_nagl_failed,xtal_nagl_score,edge_in_xtal_graph
x6738a|x7024a,x6738a,x7024a,x6738a->x7024a,0.09,0.103,False,8.0,x6738a->x7024a,0.028,0.104,False,8.0,1.0,0.028,-0.062,x6738a->x7024a,-0.469,0.072,False,8.0,1.0,-0.469,-0.5589999999999999,x6738a->x7024a,-0.176,0.103,False,8.0,1.0,-0.176,-0.266,x6738a->x7024a,-0.422,0.101,False,8.0,1.0,-0.422,-0.512,-0.1897999999999999,0.2538625612413142,0.5589999999999999,0.2797999999999999,-0.2442499999999999,0.2572215322764924,0.5589999999999999,0.3342499999999999,True,0.265,0.094,False,14.0,True
x6738a|x7026a,x6738a,x7026a,x6738a->x7026a,0.266,0.081,False,13.0,x6738a->x7026a,0.251,0.081,False,13.0,1.0,0.251,-0.015,x6738a->x7026a,0.138,0.058,False,13.0,1.0,0.138,-0.128,x6738a->x7026a,0.284,0.083,False,13.0,1.0,0.284,0.0179999999999999,x6738a->x7026a,0.102,0.083,False,13.0,1.0,0.102,-0.164,0.2082,0.082348041871073,0.182,0.1062,0.1974999999999999,0.0909853468055891,0.182,0.0954999999999999,True,-0.099,0.08,False,13.0,True
x6738a|x7056a,x6738a,x7056a,x6738a->x7056a,,,,,,,,,,,,,,,,,,,,,,,,,,,,,,,,,,,,,,,,,,,,,False,0.065,0.109,False,11.0,True
x6738a|x7093a,x6738a,x7093a,x6738a->x7093a,0.016,0.084,False,10.0,x6738a->x7093a,-0.378,0.085,False,10.0,1.0,-0.378,-0.394,x6738a->x7093a,0.009,0.061,False,10.0,1.0,0.009,-0.007,x6738a->x7093a,-0.256,0.085,False,10.0,1.0,-0.256,-0.272,x6738a->x7093a,-0.216,0.086,False,10.0,1.0,-0.216,-0.2319999999999999,-0.1649999999999999,0.1726904745491192,0.394,0.213,-0.11175,0.1444261633730768,0.272,0.14425,True,,,,,False
x6832a|x7135a,x6832a,x7135a,x6832a->x7135a,0.439,0.088,False,5.0,x6832a->x7135a,0.938,0.087,False,5.0,1.0,0.938,0.4989999999999999,x6832a->x7135a,0.388,0.062,False,5.0,1.0,0.388,-0.0509999999999999,x6832a->x7135a,0.493,0.087,False,5.0,1.0,0.493,0.0539999999999999,x6832a->x7135a,0.415,0.088,False,5.0,1.0,0.415,-0.024,0.5346,0.2287996940557394,0.5499999999999999,0.4034,0.4337499999999999,0.0446570263228531,0.1049999999999999,0.05925,True,0.618,0.088,False,5.0,True
x6832a|x7175a,x6832a,x7175a,x6832a->x7175a,0.277,0.082,False,9.0,x6832a->x7175a,0.74,0.083,False,9.0,1.0,0.74,0.4629999999999999,x6832a->x7175a,0.129,0.059,False,9.0,1.0,0.129,-0.148,x6832a->x7175a,0.064,0.082,False,9.0,1.0,0.064,-0.213,x6832a->x7175a,0.351,0.083,False,9.0,1.0,0.351,0.0739999999999999,0.3122,0.2650107544987561,0.6759999999999999,0.4278,0.20525,0.1318544020248597,0.287,0.14575,True,0.605,0.079,False,9.0,True
x6832a|x7259a,x6832a,x7259a,x6832a->x7259a,,,,,,,,,,,,,,,,,,,,,,,,,,,,,,,,,,,,,,,,,,,,,False,1.058,0.082,False,5.0,True
x6832a|x7309a,x6832a,x7309a,x6832a->x7309a,0.892,0.075,False,10.0,x6832a->x7309a,0.484,0.074,False,10.0,1.0,0.484,-0.408,x6832a->x7309a,0.463,0.052,False,10.0,1.0,0.463,-0.429,x6832a->x7309a,0.733,0.073,False,10.0,1.0,0.733,-0.159,x6832a->x7309a,0.255,0.071,False,10.0,1.0,0.255,-0.637,0.5654,0.2491070051202896,0.637,0.3266,0.58575,0.2828042609297109,0.637,0.33075,True,0.071,0.086,False,10.0,True
x6832a|x7475a,x6832a,x7475a,x6832a->x7475a,1.137,0.118,False,13.0,x6832a->x7475a,0.895,0.113,False,13.0,1.0,0.895,-0.242,x6832a->x7475a,1.12,0.083,False,13.0,1.0,1.12,-0.0169999999999999,x6832a->x7475a,1.125,0.118,False,13.0,1.0,1.125,-0.012,x6832a->x7475a,0.845,0.119,False,13.0,1.0,0.845,-0.292,1.0244,0.1421857939458088,0.292,0.1794,1.05675,0.1413467957424811,0.292,0.2117500000000001,True,,,,,False
x6832a|x7570a,x6832a,x7570a,x6832a->x7570a,-0.906,0.092,False,8.0,x6832a->x7570a,-0.155,0.093,False,8.0,1.0,-0.155,0.751,x6832a->x7570a,-0.987,0.065,False,8.0,1.0,-0.987,-0.0809999999999999,x6832a->x7570a,-0.768,0.093,False,8.0,1.0,-0.768,0.138,x6832a->x7570a,-0.684,0.093,False,8.0,1.0,-0.684,0.2219999999999999,-0.7,0.3266152170368062,0.832,0.5449999999999999,-0.83625,0.1359273703122369,0.3029999999999999,0.15225,True,0.442,0.093,False,8.0,True
x7011a|x7127a,x7011a,x7127a,x7011a->x7127a,0.379,0.072,False,10.0,x7011a->x7127a,0.314,0.074,False,10.0,1.0,0.314,-0.065,x7011a->x7127a,0.73,0.051,False,10.0,1.0,0.73,0.351,x7011a->x7127a,0.557,0.071,False,10.0,1.0,0.557,0.178,x7011a->x7127a,0.315,0.073,False,10.0,1.0,0.315,-0.064,0.4589999999999999,0.1811118438976313,0.416,0.271,0.4952499999999999,0.1870158192952314,0.415,0.23475,True,-0.06,0.072,False,10.0,True
x7011a|x7132a,x7011a,x7132a,x7011a->x7132a,0.871,0.079,False,13.0,x7011a->x7132a,0.568,0.077,False,13.0,1.0,0.568,-0.303,x7011a->x7132a,1.078,0.055,False,13.0,1.0,1.078,0.207,x7011a->x7132a,1.033,0.078,False,13.0,1.0,1.033,0.1619999999999999,x7011a->x7132a,1.186,0.075,False,13.0,1.0,1.186,0.3149999999999999,0.9472000000000002,0.2403616025907632,0.618,0.3792000000000002,1.042,0.1308357749241391,0.3149999999999999,0.171,True,,,,,False
x7011a|x7135a,x7011a,x7135a,x7011a->x7135a,,,,,,,,,,,,,,,,,,,,,,,,,,,,,,,,,,,,,,,,,,,,,False,-0.223,0.061,False,5.0,True
x7011a|x7147a,x7011a,x7147a,x7011a->x7147a,-0.459,0.067,False,10.0,x7011a->x7147a,0.128,0.07,False,10.0,1.0,0.128,0.587,x7011a->x7147a,-0.264,0.049,False,10.0,1.0,-0.264,0.195,x7011a->x7147a,-0.449,0.07,False,10.0,1.0,-0.449,0.01,x7011a->x7147a,-0.581,0.069,False,10.0,1.0,-0.581,-0.1219999999999999,-0.325,0.2773977289020225,0.709,0.453,-0.43825,0.1307500796685544,0.3169999999999999,0.17425,True,-0.4,0.069,False,10.0,True
x7011a|x7175a,x7011a,x7175a,x7011a->x7175a,-0.305,0.071,False,9.0,x7011a->x7175a,-0.308,0.07,False,9.0,1.0,-0.308,-0.003,x7011a->x7175a,-0.244,0.05,False,9.0,1.0,-0.244,0.061,x7011a->x7175a,-0.052,0.069,False,9.0,1.0,-0.052,0.253,x7011a->x7175a,-0.09,0.07,False,9.0,1.0,-0.09,0.215,-0.1998,0.1210669236414306,0.256,0.1478,-0.17275,0.1210987888736574,0.253,0.13225,True,0.28,0.069,False,9.0,True
x7011a|x7259a,x7011a,x7259a,x7011a->x7259a,,,,,,,,,,,,,,,,,,,,,,,,,,,,,,,,,,,,,,,,,,,,,False,0.545,0.076,False,5.0,True
x7011a|x7475a,x7011a,x7475a,x7011a->x7475a,0.346,0.121,False,13.0,x7011a->x7475a,0.099,0.123,False,13.0,1.0,0.099,-0.2469999999999999,x7011a->x7475a,0.72,0.087,False,13.0,1.0,0.72,0.374,x7011a->x7475a,0.447,0.122,False,13.0,1.0,0.447,0.101,x7011a->x7475a,0.463,0.123,False,13.0,1.0,0.463,0.117,0.415,0.2241483883502177,0.621,0.316,0.494,0.1593214779410903,0.374,0.2259999999999999,True,,,,,False
x7024a|x7026a,x7024a,x7026a,x7024a->x7026a,-0.335,0.091,False,11.0,x7024a->x7026a,0.302,0.09,False,11.0,1.0,0.302,0.637,x7024a->x7026a,0.049,0.063,False,11.0,1.0,0.049,0.384,x7024a->x7026a,0.188,0.091,False,11.0,1.0,0.188,0.523,x7024a->x7026a,0.32,0.091,False,11.0,1.0,0.32,0.655,0.1048,0.2686348823217119,0.655,0.4398,0.0554999999999999,0.2828715845279149,0.655,0.3905,True,,,,,False
x7024a|x7056a,x7024a,x7056a,x7024a->x7056a,,,,,,,,,,,,,,,,,,,,,,,,,,,,,,,,,,,,,,,,,,,,,False,0.015,0.097,False,9.0,True
x7024a|x7093a,x7024a,x7093a,x7024a->x7093a,-0.161,0.093,False,10.0,x7024a->x7093a,-0.225,0.093,False,10.0,1.0,-0.225,-0.064,x7024a->x7093a,-0.081,0.067,False,10.0,1.0,-0.081,0.08,x7024a->x7093a,-0.404,0.094,False,10.0,1.0,-0.404,-0.243,x7024a->x7093a,-0.098,0.093,False,10.0,1.0,-0.098,0.063,-0.1938,0.1305132177214246,0.323,0.2102,-0.186,0.1493519333654573,0.323,0.218,True,,,,,False
x7024a|x7101a,x7024a,x7101a,x7024a->x7101a,,,,,,,,,,,,,,,,,,,,,,,,,,,,,,,,,,,,,,,,,,,,,False,0.09,0.095,False,9.0,True
x7025a|x7026a,x7025a,x7026a,x7025a->x7026a,0.605,0.083,False,11.0,x7025a->x7026a,0.343,0.082,False,11.0,1.0,0.343,-0.2619999999999999,x7025a->x7026a,0.197,0.059,False,11.0,1.0,0.197,-0.408,x7025a->x7026a,0.111,0.083,False,11.0,1.0,0.111,-0.494,x7025a->x7026a,0.503,0.085,False,11.0,1.0,0.503,-0.1019999999999999,0.3518,0.205546101884711,0.494,0.2532,0.354,0.2372762103540934,0.494,0.251,True,,,,,False
x7025a|x7101a,x7025a,x7101a,x7025a->x7101a,,,,,,,,,,,,,,,,,,,,,,,,,,,,,,,,,,,,,,,,,,,,,False,0.094,0.099,False,13.0,True
x7025a|x7317a,x7025a,x7317a,x7025a->x7317a,0.009,0.086,False,9.0,x7025a->x7317a,-0.027,0.086,False,9.0,1.0,-0.027,-0.036,x7025a->x7317a,0.35,0.062,False,9.0,1.0,0.35,0.3409999999999999,x7025a->x7317a,0.403,0.088,False,9.0,1.0,0.403,0.394,x7025a->x7317a,0.003,0.088,False,9.0,1.0,0.003,-0.0059999999999999,0.1476,0.2102374847642541,0.43,0.2554,0.19125,0.2150137592496505,0.4,0.21175,True,,,,,False
x7025a|x7533a,x7025a,x7533a,x7025a->x7533a,,,,,,,,,,,,,,,,,,,,,,,,,,,,,,,,,,,,,,,,,,,,,False,0.448,0.084,False,11.0,True
x7026a|x7056a,x7026a,x7056a,x7026a->x7056a,,,,,,,,,,,,,,,,,,,,,,,,,,,,,,,,,,,,,,,,,,,,,False,0.081,0.084,False,8.0,True
x7026a|x7093a,x7026a,x7093a,x7026a->x7093a,,,,,,,,,,,,,,,,,,,,,,,,,,,,,,,,,,,,,,,,,,,,,False,-0.285,0.088,False,11.0,True
x7026a|x7190a,x7026a,x7190a,x7026a->x7190a,,,,,,,,,,,,,,,,,,,,,,,,,,,,,,,,,,,,,,,,,,,,,False,-0.392,0.099,False,23.0,True
x7026a|x7247a,x7026a,x7247a,x7026a->x7247a,,,,,,,,,,,,,,,,,,,,,,,,,,,,,,,,,,,,,,,,,,,,,False,1.115,0.106,False,20.0,True
x7026a|x7257a,x7026a,x7257a,x7026a->x7257a,0.402,0.095,False,19.0,x7026a->x7257a,0.98,0.106,False,19.0,1.0,0.98,0.578,x7026a->x7257a,0.422,0.067,False,19.0,1.0,0.422,0.0199999999999999,x7026a->x7257a,0.194,0.109,False,19.0,1.0,0.194,-0.208,x7026a->x7257a,0.43,0.1,False,19.0,1.0,0.43,0.0279999999999999,0.4856,0.2930815586146627,0.786,0.4944,0.362,0.1126173462068196,0.236,0.1679999999999999,True,-0.135,0.096,False,19.0,True
x7026a|x7316a,x7026a,x7316a,x7026a->x7316a,,,,,,,,,,,,,,,,,,,,,,,,,,,,,,,,,,,,,,,,,,,,,False,-0.484,0.094,False,15.0,True
x7026a|x7427a,x7026a,x7427a,x7026a->x7427a,,,,,,,,,,,,,,,,,,,,,,,,,,,,,,,,,,,,,,,,,,,,,False,-0.048,0.081,False,13.0,True
x7026a|x7510a,x7026a,x7510a,x7026a->x7510a,,,,,,,,,,,,,,,,,,,,,,,,,,,,,,,,,,,,,,,,,,,,,False,0.438,0.085,False,13.0,True
x7026a|x7589a,x7026a,x7589a,x7026a->x7589a,-0.604,0.088,False,9.0,x7026a->x7589a,-0.156,0.086,False,9.0,1.0,-0.156,0.4479999999999999,x7026a->x7589a,-0.627,0.063,False,9.0,1.0,-0.627,-0.023,x7026a->x7589a,-0.643,0.086,False,9.0,1.0,-0.643,-0.039,x7026a->x7589a,-1.083,0.087,False,9.0,1.0,-1.083,-0.479,-0.6226,0.3280492341097598,0.927,0.4666,-0.73925,0.2297250167773055,0.479,0.34375,True,,,,,False
x7031a|x7316a,x7031a,x7316a,x7031a->x7316a,0.353,0.076,False,12.0,x7031a->x7316a,0.247,0.078,False,12.0,1.0,0.247,-0.1059999999999999,x7031a->x7316a,0.352,0.054,False,12.0,1.0,0.352,-0.001,x7031a->x7316a,0.465,0.075,False,12.0,1.0,0.465,0.112,x7031a->x7316a,0.553,0.073,False,12.0,1.0,0.553,0.2,0.394,0.1176605286406618,0.306,0.159,0.4307499999999999,0.0972363957922478,0.201,0.12225,True,0.291,0.078,False,6.0,True
x7031a|x7501a,x7031a,x7501a,x7031a->x7501a,,,,,,,,,,,,,,,,,,,,,,,,,,,,,,,,,,,,,,,,,,,,,False,1.202,0.087,False,11.0,True
x7031a|x7589a,x7031a,x7589a,x7031a->x7589a,0.274,0.084,False,8.0,x7031a->x7589a,-0.028,0.083,False,8.0,1.0,-0.028,-0.302,x7031a->x7589a,0.096,0.059,False,8.0,1.0,0.096,-0.178,x7031a->x7589a,-0.094,0.083,False,8.0,1.0,-0.094,-0.368,x7031a->x7589a,0.166,0.084,False,8.0,1.0,0.166,-0.108,0.0828,0.1476387483013859,0.368,0.1912,0.1105,0.1547503365639851,0.368,0.2045,True,0.14,0.082,False,6.0,True
x7056a|x7101a,x7056a,x7101a,x7056a->x7101a,-0.11,0.104,False,12.0,x7056a->x7101a,-0.266,0.105,False,12.0,1.0,-0.266,-0.156,x7056a->x7101a,-0.138,0.074,False,12.0,1.0,-0.138,-0.028,x7056a->x7101a,0.204,0.104,False,12.0,1.0,0.204,0.314,x7056a->x7101a,0.01,0.104,False,12.0,1.0,0.01,0.12,-0.06,0.1772117377602285,0.47,0.264,-0.0085,0.1555324189143,0.3419999999999999,0.2125,True,0.059,0.103,False,12.0,True
x7056a|x7190a,x7056a,x7190a,x7056a->x7190a,-0.774,0.114,False,27.0,x7056a->x7190a,-0.471,0.115,False,27.0,1.0,-0.471,0.303,x7056a->x7190a,-0.677,0.079,False,27.0,1.0,-0.677,0.0969999999999999,x7056a->x7190a,-0.446,0.116,False,27.0,1.0,-0.446,0.328,x7056a->x7190a,-0.203,0.113,False,27.0,1.0,-0.203,0.571,-0.5142,0.2221276659941305,0.571,0.3112,-0.525,0.2549705865389183,0.571,0.322,True,,,,,False
x7056a|x7317a,x7056a,x7317a,x7056a->x7317a,-0.409,0.082,False,14.0,x7056a->x7317a,-0.369,0.082,False,14.0,1.0,-0.369,0.0399999999999999,x7056a->x7317a,-0.322,0.059,False,14.0,1.0,-0.322,0.0869999999999999,x7056a->x7317a,-0.07,0.083,False,14.0,1.0,-0.07,0.3389999999999999,x7056a->x7317a,-0.336,0.085,False,14.0,1.0,-0.336,0.0729999999999999,-0.3012,0.1335241551180908,0.3389999999999999,0.2312,-0.28425,0.1478385944197252,0.3389999999999999,0.21425,True,,,,,False
x7056a|x7427a,x7056a,x7427a,x7056a->x7427a,-0.13,0.102,False,17.0,x7056a->x7427a,-0.193,0.103,False,17.0,1.0,-0.193,-0.063,x7056a->x7427a,-0.052,0.073,False,17.0,1.0,-0.052,0.078,x7056a->x7427a,0.263,0.102,False,17.0,1.0,0.263,0.393,x7056a->x7427a,0.07,0.102,False,17.0,1.0,0.07,0.2,-0.0083999999999999,0.1806718018950384,0.456,0.2714,0.03775,0.171243248042076,0.393,0.22525,True,,,,,False
x7093a|x7317a,x7093a,x7317a,x7093a->x7317a,,,,,,,,,,,,,,,,,,,,,,,,,,,,,,,,,,,,,,,,,,,,,False,0.583,0.087,False,9.0,True
x7093a|x7501a,x7093a,x7501a,x7093a->x7501a,,,,,,,,,,,,,,,,,,,,,,,,,,,,,,,,,,,,,,,,,,,,,False,0.519,0.087,False,11.0,True
x7101a|x7427a,x7101a,x7427a,x7101a->x7427a,0.301,0.107,False,17.0,x7101a->x7427a,-0.005,0.108,False,17.0,1.0,-0.005,-0.306,x7101a->x7427a,0.302,0.075,False,17.0,1.0,0.302,0.001,x7101a->x7427a,0.251,0.106,False,17.0,1.0,0.251,-0.0499999999999999,x7101a->x7427a,0.137,0.107,False,17.0,1.0,0.137,-0.1639999999999999,0.1972,0.131492205092165,0.307,0.2022,0.24775,0.0775773807240228,0.1649999999999999,0.1107499999999999,True,,,,,False
x7127a|x7132a,x7127a,x7132a,x7127a->x7132a,0.275,0.078,False,5.0,x7127a->x7132a,0.402,0.077,False,5.0,1.0,0.402,0.127,x7127a->x7132a,0.335,0.056,False,5.0,1.0,0.335,0.06,x7127a->x7132a,0.045,0.079,False,5.0,1.0,0.045,-0.23,x7127a->x7132a,0.416,0.077,False,5.0,1.0,0.416,0.1409999999999999,0.2946,0.1504901990164143,0.371,0.2496,0.26775,0.1593431830986189,0.371,0.22275,True,0.342,0.1,False,11.0,True
x7127a|x7533a,x7127a,x7533a,x7127a->x7533a,-0.502,0.081,False,9.0,x7127a->x7533a,-0.4,0.084,False,9.0,1.0,-0.4,0.1019999999999999,x7127a->x7533a,-0.391,0.059,False,9.0,1.0,-0.391,0.1109999999999999,x7127a->x7533a,-0.691,0.082,False,9.0,1.0,-0.691,-0.1889999999999999,x7127a->x7533a,-0.899,0.083,False,9.0,1.0,-0.899,-0.397,-0.5766,0.216926946228448,0.508,0.3224,-0.62075,0.2230431572588587,0.508,0.27825,True,-0.577,0.081,False,9.0,True
x7132a|x7147a,x7132a,x7147a,x7132a->x7147a,,,,,,,,,,,,,,,,,,,,,,,,,,,,,,,,,,,,,,,,,,,,,False,-1.43,0.095,False,13.0,True
x7132a|x7533a,x7132a,x7533a,x7132a->x7533a,-1.189,0.091,False,12.0,x7132a->x7533a,-1.467,0.089,False,12.0,1.0,-1.467,-0.278,x7132a->x7533a,-1.275,0.064,False,12.0,1.0,-1.275,-0.0859999999999998,x7132a->x7533a,-1.032,0.09,False,12.0,1.0,-1.032,0.157,x7132a->x7533a,-0.888,0.094,False,12.0,1.0,-0.888,0.301,-1.1702,0.2225774022671663,0.5790000000000001,0.2968000000000002,-1.096,0.1713184169901181,0.3869999999999999,0.208,True,-1.395,0.091,False,12.0,True
x7135a|x7259a,x7135a,x7259a,x7135a->x7259a,0.56,0.083,False,10.0,x7135a->x7259a,0.182,0.083,False,10.0,1.0,0.182,-0.378,x7135a->x7259a,0.125,0.059,False,10.0,1.0,0.125,-0.435,x7135a->x7259a,0.477,0.086,False,10.0,1.0,0.477,-0.083,x7135a->x7259a,0.546,0.084,False,10.0,1.0,0.546,-0.014,0.378,0.2083110654766088,0.435,0.253,0.427,0.2045759842536101,0.435,0.302,True,,,,,False
x7135a|x7570a,x7135a,x7570a,x7135a->x7570a,-1.221,0.1,False,11.0,x7135a->x7570a,-1.095,0.1,False,11.0,1.0,-1.095,0.1260000000000001,x7135a->x7570a,-1.08,0.071,False,11.0,1.0,-1.08,0.141,x7135a->x7570a,-1.293,0.1,False,11.0,1.0,-1.293,-0.0719999999999998,x7135a->x7570a,-0.791,0.1,False,11.0,1.0,-0.791,0.43,-1.096,0.192169196282859,0.5019999999999999,0.305,-1.0962500000000002,0.2218969355353966,0.5019999999999999,0.3052500000000001,True,-0.362,0.1,False,11.0,True
x7147a|x7309a,x7147a,x7309a,x7147a->x7309a,0.047,0.08,False,4.0,x7147a->x7309a,-0.125,0.082,False,4.0,1.0,-0.125,-0.172,x7147a->x7309a,-0.024,0.057,False,4.0,1.0,-0.024,-0.071,x7147a->x7309a,0.146,0.08,False,4.0,1.0,0.146,0.0989999999999999,x7147a->x7309a,0.246,0.085,False,4.0,1.0,0.246,0.199,0.0579999999999999,0.1444143344685699,0.371,0.188,0.10375,0.1177012460993227,0.27,0.14225,True,0.02,0.081,False,4.0,True
x7147a|x7533a,x7147a,x7533a,x7147a->x7533a,-0.557,0.078,False,11.0,x7147a->x7533a,0.177,0.076,False,11.0,1.0,0.177,0.734,x7147a->x7533a,0.093,0.056,False,11.0,1.0,0.093,0.65,x7147a->x7533a,0.314,0.08,False,11.0,1.0,0.314,0.871,x7147a->x7533a,0.457,0.078,False,11.0,1.0,0.457,1.014,0.0968,0.3907751271511532,1.014,0.6538,0.0767499999999999,0.4482487218795684,1.014,0.63375,True,,,,,False
x7161a|x7247a,x7161a,x7247a,x7161a->x7247a,0.784,0.106,False,16.0,x7161a->x7247a,2.049,0.094,False,16.0,1.0,2.049,1.265,x7161a->x7247a,0.943,0.074,False,16.0,1.0,0.943,0.1589999999999999,x7161a->x7247a,1.677,0.097,False,16.0,1.0,1.677,0.893,x7161a->x7247a,1.735,0.094,False,16.0,1.0,1.735,0.951,1.4376000000000002,0.5457543403400471,1.265,0.6536000000000002,1.28475,0.4913005699162174,0.951,0.50075,True,,,,,False
x7161a|x7257a,x7161a,x7257a,x7161a->x7257a,,,,,,,,,,,,,,,,,,,,,,,,,,,,,,,,,,,,,,,,,,,,,False,0.801,0.091,False,17.0,True
x7161a|x7433a,x7161a,x7433a,x7161a->x7433a,1.327,0.094,False,16.0,x7161a->x7433a,1.593,0.094,False,16.0,1.0,1.593,0.266,x7161a->x7433a,1.566,0.067,False,16.0,1.0,1.566,0.2390000000000001,x7161a->x7433a,2.139,0.095,False,16.0,1.0,2.139,0.8119999999999998,x7161a->x7433a,1.798,0.094,False,16.0,1.0,1.798,0.4710000000000001,1.6846,0.3040037828712004,0.8119999999999998,0.4543999999999997,1.7075,0.3460178222770227,0.8119999999999998,0.4314999999999998,True,,,,,False
x7161a|x7491a,x7161a,x7491a,x7161a->x7491a,-0.371,0.08,False,12.0,x7161a->x7491a,0.484,0.076,False,12.0,1.0,0.484,0.855,x7161a->x7491a,0.03,0.057,False,12.0,1.0,0.03,0.401,x7161a->x7491a,-0.13,0.076,False,12.0,1.0,-0.13,0.241,x7161a->x7491a,0.317,0.079,False,12.0,1.0,0.317,0.688,0.0659999999999999,0.3422009643469755,0.855,0.437,-0.0384999999999999,0.2886757119445047,0.688,0.3555,True,,,,,False
x7161a|x7510a,x7161a,x7510a,x7161a->x7510a,0.126,0.06,False,7.0,x7161a->x7510a,0.06,0.06,False,7.0,1.0,0.06,-0.066,x7161a->x7510a,0.206,0.044,False,7.0,1.0,0.206,0.0799999999999999,x7161a->x7510a,-0.318,0.062,False,7.0,1.0,-0.318,-0.444,x7161a->x7510a,0.327,0.061,False,7.0,1.0,0.327,0.201,0.0802,0.2438261675866641,0.645,0.3982,0.0852499999999999,0.2812441110494582,0.645,0.40325,True,0.969,0.095,False,13.0,True
x7175a|x7533a,x7175a,x7533a,x7175a->x7533a,-0.143,0.068,False,6.0,x7175a->x7533a,0.068,0.069,False,6.0,1.0,0.068,0.211,x7175a->x7533a,-0.088,0.048,False,6.0,1.0,-0.088,0.0549999999999999,x7175a->x7533a,-0.225,0.068,False,6.0,1.0,-0.225,-0.082,x7175a->x7533a,-0.038,0.069,False,6.0,1.0,-0.038,0.1049999999999999,-0.0852,0.1102166049195855,0.293,0.1532,-0.1234999999999999,0.0801103405726543,0.187,0.1015,True,-0.506,0.07,False,6.0,True
x7190a|x7317a,x7190a,x7317a,x7190a->x7317a,,,,,,,,,,,,,,,,,,,,,,,,,,,,,,,,,,,,,,,,,,,,,False,0.456,0.115,False,25.0,True
x7190a|x7427a,x7190a,x7427a,x7190a->x7427a,0.131,0.097,False,14.0,x7190a->x7427a,0.144,0.099,False,14.0,1.0,0.144,0.0129999999999999,x7190a->x7427a,0.527,0.07,False,14.0,1.0,0.527,0.396,x7190a->x7427a,0.594,0.096,False,14.0,1.0,0.594,0.4629999999999999,x7190a->x7427a,0.366,0.104,False,14.0,1.0,0.366,0.235,0.3524,0.2130077463380146,0.4629999999999999,0.2415999999999999,0.4044999999999999,0.2059134122230344,0.4629999999999999,0.2734999999999999,True,0.242,0.099,False,14.0,True
x7247a|x7433a,x7247a,x7433a,x7247a->x7433a,0.157,0.106,False,10.0,x7247a->x7433a,0.15,0.108,False,10.0,1.0,0.15,-0.007,x7247a->x7433a,0.447,0.076,False,10.0,1.0,0.447,0.29,x7247a->x7433a,0.535,0.106,False,10.0,1.0,0.535,0.378,x7247a->x7433a,0.363,0.106,False,10.0,1.0,0.363,0.206,0.3304,0.172576939363288,0.385,0.2046,0.3755,0.1617106469387013,0.378,0.2185,True,0.05,0.104,False,10.0,True
x7247a|x7501a,x7247a,x7501a,x7247a->x7501a,-0.802,0.091,False,12.0,x7247a->x7501a,-0.393,0.092,False,12.0,1.0,-0.393,0.409,x7247a->x7501a,0.193,0.066,False,12.0,1.0,0.193,0.995,x7247a->x7501a,-0.109,0.092,False,12.0,1.0,-0.109,0.6930000000000001,x7247a->x7501a,-0.896,0.092,False,12.0,1.0,-0.896,-0.0939999999999999,-0.4014,0.4593444241525089,1.089,0.5944,-0.4034999999999999,0.5303775384887008,1.089,0.5965,True,-0.547,0.115,False,12.0,True
x7257a|x7475a,x7257a,x7475a,x7257a->x7475a,,,,,,,,,,,,,,,,,,,,,,,,,,,,,,,,,,,,,,,,,,,,,False,0.406,0.084,False,17.0,True
x7257a|x7501a,x7257a,x7501a,x7257a->x7501a,-0.601,0.1,False,19.0,x7257a->x7501a,-0.46,0.097,False,19.0,1.0,-0.46,0.1409999999999999,x7257a->x7501a,-0.141,0.076,False,19.0,1.0,-0.141,0.4599999999999999,x7257a->x7501a,-0.549,0.099,False,19.0,1.0,-0.549,0.0519999999999999,x7257a->x7501a,-0.257,0.101,False,19.0,1.0,-0.257,0.344,-0.4016,0.196035200920651,0.4599999999999999,0.2606,-0.387,0.2232009557924577,0.4599999999999999,0.246,True,,,,,False
x7259a|x7475a,x7259a,x7475a,x7259a->x7475a,0.437,0.104,False,8.0,x7259a->x7475a,-0.726,0.106,False,8.0,1.0,-0.726,-1.163,x7259a->x7475a,0.212,0.075,False,8.0,1.0,0.212,-0.225,x7259a->x7475a,0.256,0.106,False,8.0,1.0,0.256,-0.181,x7259a->x7475a,0.321,0.106,False,8.0,1.0,0.321,-0.1159999999999999,0.1,0.4694587308805748,1.163,0.826,0.3065,0.0978451157016366,0.225,0.1305,True,,,,,False
x7259a|x7533a,x7259a,x7533a,x7259a->x7533a,-0.758,0.062,False,8.0,x7259a->x7533a,-0.632,0.062,False,8.0,1.0,-0.632,0.126,x7259a->x7533a,-0.533,0.043,False,8.0,1.0,-0.533,0.2249999999999999,x7259a->x7533a,-0.672,0.064,False,8.0,1.0,-0.672,0.0859999999999999,x7259a->x7533a,-0.324,0.063,False,8.0,1.0,-0.324,0.434,-0.5838,0.1662263517015277,0.434,0.2598,-0.57175,0.1894032294691232,0.434,0.2477499999999999,True,-0.568,0.063,False,8.0,True
x7309a|x7570a,x7309a,x7570a,x7309a->x7570a,-0.826,0.095,False,12.0,x7309a->x7570a,0.256,0.097,False,12.0,1.0,0.256,1.082,x7309a->x7570a,-0.429,0.067,False,12.0,1.0,-0.429,0.3969999999999999,x7309a->x7570a,-0.891,0.096,False,12.0,1.0,-0.891,-0.065,x7309a->x7570a,-0.85,0.097,False,12.0,1.0,-0.85,-0.024,-0.5479999999999999,0.4864961459251244,1.147,0.8039999999999999,-0.749,0.2150147281777072,0.462,0.32,True,-0.468,0.095,False,12.0,True
x7316a|x7589a,x7316a,x7589a,x7316a->x7589a,-0.383,0.091,False,12.0,x7316a->x7589a,-0.14,0.091,False,12.0,1.0,-0.14,0.243,x7316a->x7589a,-0.348,0.062,False,12.0,1.0,-0.348,0.035,x7316a->x7589a,-0.15,0.088,False,12.0,1.0,-0.15,0.233,x7316a->x7589a,-0.285,0.09,False,12.0,1.0,-0.285,0.098,-0.2612,0.1117931124890974,0.243,0.1218,-0.2915,0.1026791117998203,0.233,0.1415,True,-0.218,0.092,False,12.0,True
x7317a|x7427a,x7317a,x7427a,x7317a->x7427a,,,,,,,,,,,,,,,,,,,,,,,,,,,,,,,,,,,,,,,,,,,,,False,-0.155,0.101,False,15.0,True
x7433a|x7501a,x7433a,x7501a,x7433a->x7501a,-0.67,0.09,False,12.0,x7433a->x7501a,-1.581,0.091,False,12.0,1.0,-1.581,-0.911,x7433a->x7501a,-0.831,0.065,False,12.0,1.0,-0.831,-0.1609999999999999,x7433a->x7501a,-1.102,0.091,False,12.0,1.0,-1.102,-0.432,x7433a->x7501a,-1.538,0.092,False,12.0,1.0,-1.538,-0.868,-1.1444,0.4094548815193195,0.911,0.4744,-1.03525,0.3796220708371243,0.868,0.50275,True,-1.001,0.097,False,12.0,True
x7475a|x7510a,x7475a,x7510a,x7475a->x7510a,,,,,,,,,,,,,,,,,,,,,,,,,,,,,,,,,,,,,,,,,,,,,False,-1.163,0.081,False,5.0,True
x7491a|x7501a,x7491a,x7501a,x7491a->x7501a,-0.295,0.071,False,10.0,x7491a->x7501a,-0.443,0.071,False,10.0,1.0,-0.443,-0.148,x7491a->x7501a,-0.221,0.05,False,10.0,1.0,-0.221,0.0739999999999999,x7491a->x7501a,-0.538,0.072,False,10.0,1.0,-0.538,-0.243,x7491a->x7501a,-0.109,0.071,False,10.0,1.0,-0.109,0.186,-0.3212,0.1714590330078879,0.429,0.2168,-0.29075,0.1817037423940409,0.429,0.24725,True,-0.684,0.098,False,16.0,True
x7491a|x7510a,x7491a,x7510a,x7491a->x7510a,-0.218,0.062,False,5.0,x7491a->x7510a,-0.018,0.064,False,5.0,1.0,-0.018,0.2,x7491a->x7510a,-0.273,0.044,False,5.0,1.0,-0.273,-0.055,x7491a->x7510a,-0.04,0.063,False,5.0,1.0,-0.04,0.178,x7491a->x7510a,0.104,0.062,False,5.0,1.0,0.104,0.322,-0.089,0.1542627628431437,0.377,0.193,-0.10675,0.1721305221820542,0.377,0.21075,True,,,,,False
x7501a|x7510a,x7501a,x7510a,x7501a->x7510a,0.085,0.059,False,5.0,x7501a->x7510a,0.145,0.061,False,5.0,1.0,0.145,0.0599999999999999,x7501a->x7510a,-0.033,0.043,False,5.0,1.0,-0.033,-0.118,x7501a->x7510a,0.108,0.059,False,5.0,1.0,0.108,0.0229999999999999,x7501a->x7510a,0.111,0.06,False,5.0,1.0,0.111,0.0259999999999999,0.0832,0.0683973683704278,0.178,0.1162,0.06775,0.0681634066050105,0.144,0.10075,True,,,,,False
