engine;min_replicas;site;x;y;z;n_members;n_replicas;mean_occupancy;max_occupancy;spread_A;nearest_crystal_A
GRAND;2;CS001;22.478;22.218;7.547;20;12;0.4820;0.8500;1.253;1.011
GRAND;2;CS002;21.065;20.167;7.528;14;12;0.4500;0.8400;0.970;2.429
GRAND;2;CS003;20.159;19.223;9.940;24;12;0.4433;0.7600;1.218;0.827
GRAND;2;CS004;10.952;27.841;2.222;22;12;0.2136;0.3700;1.231;6.840
GRAND;2;CS005;20.000;21.644;11.871;24;12;0.2087;0.4200;1.411;2.464
GRAND;2;CS006;14.322;23.036;12.266;20;12;0.2020;0.4200;1.189;3.143
GRAND;2;CS007;14.295;26.686;5.095;19;12;0.2000;0.3700;1.371;2.509
GRAND;2;CS008;20.286;21.761;14.642;22;12;0.1995;0.4400;1.447;4.127
GRAND;2;CS009;12.760;26.923;3.073;20;12;0.1970;0.3200;1.241;4.707
GRAND;2;CS010;22.261;20.914;11.025;25;12;0.1876;0.3500;1.109;1.342
GRAND;2;CS011;14.466;27.973;9.511;27;12;0.1837;0.3100;1.551;4.297
GRAND;2;CS012;12.001;29.282;4.433;17;12;0.1718;0.2200;0.935;6.008
GRAND;2;CS013;18.679;23.506;11.550;25;12;0.1712;0.2800;1.417;1.016
GRAND;2;CS014;15.107;26.913;7.993;22;12;0.1686;0.2900;1.144;2.871
GRAND;2;CS015;20.171;22.837;13.437;19;12;0.1579;0.2300;1.181;3.011
GRAND;2;CS016;18.424;27.613;8.824;18;12;0.1572;0.2700;1.246;2.559
GRAND;2;CS017;15.498;28.044;2.038;20;12;0.1565;0.2700;1.207;5.072
GRAND;2;CS018;17.802;28.964;4.836;17;12;0.1518;0.2100;1.268;4.638
GRAND;2;CS019;16.555;29.416;5.863;15;12;0.1493;0.2000;1.118;4.537
GRAND;2;CS020;22.217;22.749;11.429;13;12;0.1462;0.2200;0.926;2.673
GRAND;2;CS021;13.810;30.007;9.168;22;12;0.1386;0.1900;1.250;6.290
GRAND;2;CS022;18.913;20.448;7.702;19;11;0.2542;0.5400;1.448;2.612
GRAND;2;CS023;15.989;24.079;10.935;20;11;0.2505;0.4700;1.108;0.864
GRAND;2;CS024;16.109;24.701;6.743;21;11;0.2114;0.4200;1.246;0.796
GRAND;2;CS025;14.685;25.491;5.710;17;11;0.1976;0.4100;1.245;1.313
GRAND;2;CS026;19.011;21.524;10.987;14;11;0.1914;0.3300;1.034;1.803
GRAND;2;CS027;16.110;28.521;3.881;14;11;0.1714;0.2900;1.064;4.188
GRAND;2;CS028;12.924;28.913;7.509;13;11;0.1685;0.2400;0.882;5.138
GRAND;2;CS029;19.980;24.122;9.392;16;11;0.1669;0.2200;1.413;1.424
GRAND;2;CS030;17.488;28.803;10.364;19;11;0.1637;0.3000;1.241;4.191
GRAND;2;CS031;20.799;24.955;12.567;15;11;0.1527;0.2200;1.213;3.510
GRAND;2;CS032;21.175;23.537;9.819;14;11;0.1471;0.1800;1.118;2.463
GRAND;2;CS033;20.582;26.806;9.622;17;11;0.1435;0.2400;1.258;1.517
GRAND;2;CS034;21.935;24.798;9.283;20;11;0.1415;0.2400;1.623;2.207
GRAND;2;CS035;12.930;28.288;5.156;13;11;0.1300;0.1700;1.033;4.517
GRAND;2;CS036;16.172;29.863;8.608;16;11;0.1269;0.1700;1.237;5.564
GRAND;2;CS037;15.359;15.978;13.974;14;10;0.5593;0.9300;0.788;0.931
GRAND;2;CS038;13.977;16.230;16.158;12;10;0.4483;0.7500;0.854;0.159
GRAND;2;CS039;17.743;22.326;8.469;21;10;0.2214;0.4000;1.245;3.044
GRAND;2;CS040;14.371;27.519;4.106;10;10;0.2030;0.3700;0.911;3.537
GRAND;2;CS041;15.477;26.806;10.112;18;10;0.1922;0.3700;1.241;2.663
GRAND;2;CS042;21.857;25.508;7.676;19;10;0.1842;0.4000;1.388;2.540
GRAND;2;CS043;19.864;25.740;8.683;12;10;0.1842;0.2900;1.064;0.592
GRAND;2;CS044;12.191;29.554;6.599;19;10;0.1784;0.2600;1.395;5.904
GRAND;2;CS045;14.139;26.419;0.029;14;10;0.1750;0.3000;1.075;6.415
GRAND;2;CS046;18.687;25.331;9.030;12;10;0.1633;0.2100;1.008;1.203
GRAND;2;CS047;21.799;21.957;10.070;13;10;0.1623;0.2700;1.022;1.307
GRAND;2;CS048;20.031;27.000;11.578;10;10;0.1550;0.2400;0.975;2.769
GRAND;2;CS049;22.947;22.640;9.933;10;10;0.1550;0.2300;1.184;2.246
GRAND;2;CS050;18.570;27.441;11.344;17;10;0.1500;0.2900;1.098;3.120
GRAND;2;CS051;17.055;26.326;10.181;10;10;0.1500;0.1900;1.225;1.927
GRAND;2;CS052;16.640;26.538;8.866;11;10;0.1473;0.2100;1.156;2.826
GRAND;2;CS053;21.636;24.379;11.226;13;10;0.1454;0.2000;1.138;2.909
GRAND;2;CS054;18.863;28.744;6.832;20;10;0.1450;0.2200;1.245;4.134
GRAND;2;CS055;14.482;29.536;5.179;12;10;0.1350;0.1900;1.464;4.865
GRAND;2;CS056;19.978;27.841;8.142;11;10;0.1282;0.1700;1.027;2.558
GRAND;2;CS057;16.213;24.926;9.653;12;9;0.2108;0.3200;1.051;1.380
GRAND;2;CS058;16.600;27.350;4.417;9;9;0.1989;0.2900;0.538;3.003
GRAND;2;CS059;15.559;29.126;11.523;19;9;0.1979;0.3200;1.354;4.735
GRAND;2;CS060;18.235;26.268;7.746;14;9;0.1857;0.2700;1.249;2.321
GRAND;2;CS061;17.412;27.949;6.958;11;9;0.1709;0.3000;1.162;3.520
GRAND;2;CS062;19.809;25.608;11.763;13;9;0.1708;0.2400;1.191;2.527
GRAND;2;CS063;18.597;25.401;10.843;11;9;0.1627;0.2100;1.176;2.044
GRAND;2;CS064;17.532;28.085;3.242;14;9;0.1600;0.2200;1.250;4.538
GRAND;2;CS065;10.700;29.705;6.402;13;9;0.1492;0.2500;1.391;7.012
GRAND;2;CS066;18.865;21.678;9.427;9;9;0.1433;0.2000;0.790;2.155
GRAND;2;CS067;13.801;28.784;6.334;11;9;0.1427;0.2400;1.034;4.356
GRAND;2;CS068;15.344;29.944;7.189;15;9;0.1393;0.2100;1.299;5.157
GRAND;2;CS069;16.280;16.564;14.979;11;8;0.2273;0.5000;1.271;0.892
GRAND;2;CS070;16.966;23.713;8.245;10;8;0.2010;0.3700;0.907;2.769
GRAND;2;CS071;14.119;26.990;6.496;8;8;0.1913;0.3200;0.925;2.710
GRAND;2;CS072;20.908;26.879;5.692;13;8;0.1700;0.2600;1.063;3.936
GRAND;2;CS073;20.996;23.051;12.417;8;8;0.1613;0.2500;0.946;3.248
GRAND;2;CS074;17.900;26.661;5.401;11;8;0.1582;0.3200;1.114;2.764
GRAND;2;CS075;14.131;28.465;7.888;10;8;0.1530;0.2500;1.118;4.329
GRAND;2;CS076;16.212;27.306;6.878;10;8;0.1520;0.2000;1.036;2.539
GRAND;2;CS077;13.671;29.344;3.941;8;8;0.1212;0.1500;0.921;5.334
GRAND;2;CS078;14.139;26.012;1.197;7;7;0.3014;0.5500;0.959;5.238
GRAND;2;CS079;14.753;26.349;11.136;8;7;0.2288;0.3900;1.071;2.644
GRAND;2;CS080;18.052;23.547;12.887;9;7;0.2122;0.3100;1.091;1.590
GRAND;2;CS081;18.796;23.613;14.829;14;7;0.1907;0.3300;1.236;3.566
GRAND;2;CS082;10.966;26.407;0.885;8;7;0.1625;0.2500;0.841;7.237
GRAND;2;CS083;16.790;28.312;8.376;8;7;0.1562;0.1900;1.024;4.214
GRAND;2;CS084;18.821;23.346;10.012;9;7;0.1522;0.3000;1.038;1.785
GRAND;2;CS085;14.228;29.800;10.811;10;7;0.1510;0.2500;0.734;5.782
GRAND;2;CS086;12.812;28.303;2.724;8;7;0.1475;0.2100;0.861;5.604
GRAND;2;CS087;16.098;28.056;5.610;7;7;0.1457;0.2100;0.844;3.156
GRAND;2;CS088;12.332;27.304;1.022;8;7;0.1363;0.1800;0.940;6.556
GRAND;2;CS089;19.409;27.731;10.294;7;7;0.1329;0.2100;0.949;2.480
GRAND;2;CS090;21.269;25.645;10.957;7;7;0.1257;0.1500;0.799;2.231
GRAND;2;CS091;13.555;30.262;6.864;7;7;0.1214;0.1500;0.739;5.846
GRAND;2;CS092;13.213;28.428;9.088;7;6;0.1614;0.2200;0.892;5.322
GRAND;2;CS093;13.736;27.955;1.793;10;6;0.1540;0.2500;1.206;5.612
GRAND;2;CS094;14.680;29.025;3.312;7;6;0.1457;0.1900;1.053;5.043
GRAND;2;CS095;17.295;29.221;7.112;7;6;0.1314;0.1600;0.893;4.649
GRAND;2;CS096;15.083;28.370;6.782;6;6;0.1283;0.1600;0.935;3.588
GRAND;2;CS097;14.824;23.593;13.515;7;5;0.1929;0.2800;1.113;3.365
GRAND;2;CS098;16.791;23.687;13.402;7;5;0.1857;0.3400;1.261;2.382
GRAND;2;CS099;16.526;25.751;5.655;5;5;0.1680;0.2900;0.620;1.132
GRAND;2;CS100;10.637;29.302;4.404;6;5;0.1533;0.2200;0.821;6.977
GRAND;2;CS101;19.759;26.995;6.988;6;5;0.1533;0.1800;0.917;2.685
GRAND;2;CS102;17.705;29.584;8.507;5;5;0.1420;0.1900;0.733;4.645
GRAND;2;CS103;17.370;25.194;7.883;5;5;0.1400;0.1800;0.785;2.416
GRAND;2;CS104;19.569;27.860;4.615;6;5;0.1250;0.1500;0.979;4.951
GRAND;2;CS105;17.110;27.477;1.281;6;4;0.1883;0.3200;1.067;5.539
GRAND;2;CS106;11.995;29.438;8.510;5;4;0.1840;0.2700;0.631;6.408
GRAND;2;CS107;14.113;26.424;2.998;6;4;0.1417;0.1800;0.853;3.794
GRAND;2;CS108;19.081;28.651;9.292;4;4;0.1400;0.1500;0.586;3.214
GRAND;2;CS109;19.846;22.519;10.577;4;4;0.1300;0.1600;0.342;2.166
GRAND;2;CS110;14.425;16.839;13.079;3;3;0.5400;0.8300;0.514;1.923
GRAND;2;CS111;19.846;26.462;3.907;4;3;0.1600;0.2000;0.732;4.792
GRAND;2;CS112;18.690;24.955;14.168;3;3;0.1600;0.1800;0.666;3.512
GRAND;2;CS113;18.842;27.104;2.513;3;3;0.1500;0.2200;0.627;5.115
GRAND;2;CS114;12.187;21.721;11.495;3;3;0.1367;0.1700;0.729;5.370
GRAND;2;CS115;22.973;23.083;8.508;3;3;0.1033;0.1100;0.805;1.661
GRAND;2;CS116;15.577;24.894;12.119;2;2;0.1850;0.2600;0.704;1.689
GRAND;2;CS117;18.371;22.161;15.298;4;2;0.1825;0.3100;0.994;3.929
GRAND;2;CS118;14.087;24.720;3.839;2;2;0.1650;0.2100;0.717;2.815
GRAND;2;CS119;17.370;24.461;11.176;2;2;0.1600;0.1800;0.297;0.737
GRAND;2;CS120;17.757;25.529;12.471;3;2;0.1333;0.1600;0.778;2.125
GRAND;2;CS121;17.419;25.892;1.559;3;2;0.1300;0.1600;0.863;4.845
GRAND;2;CS122;20.763;21.027;13.253;2;2;0.1200;0.1200;0.507;3.564
GRAND;2;CS123;19.362;26.182;5.316;2;2;0.1100;0.1200;0.290;3.811
GRAND;2;CS124;21.208;21.572;8.529;2;2;0.1050;0.1100;0.377;1.651
GRAND;6;CS001;22.478;22.218;7.547;20;12;0.4820;0.8500;1.253;1.011
GRAND;6;CS002;21.065;20.167;7.528;14;12;0.4500;0.8400;0.970;2.429
GRAND;6;CS003;20.159;19.223;9.940;24;12;0.4433;0.7600;1.218;0.827
GRAND;6;CS004;10.952;27.841;2.222;22;12;0.2136;0.3700;1.231;6.840
GRAND;6;CS005;20.000;21.644;11.871;24;12;0.2087;0.4200;1.411;2.464
GRAND;6;CS006;14.322;23.036;12.266;20;12;0.2020;0.4200;1.189;3.143
GRAND;6;CS007;14.295;26.686;5.095;19;12;0.2000;0.3700;1.371;2.509
GRAND;6;CS008;20.286;21.761;14.642;22;12;0.1995;0.4400;1.447;4.127
GRAND;6;CS009;12.760;26.923;3.073;20;12;0.1970;0.3200;1.241;4.707
GRAND;6;CS010;22.261;20.914;11.025;25;12;0.1876;0.3500;1.109;1.342
GRAND;6;CS011;14.466;27.973;9.511;27;12;0.1837;0.3100;1.551;4.297
GRAND;6;CS012;12.001;29.282;4.433;17;12;0.1718;0.2200;0.935;6.008
GRAND;6;CS013;18.679;23.506;11.550;25;12;0.1712;0.2800;1.417;1.016
GRAND;6;CS014;15.107;26.913;7.993;22;12;0.1686;0.2900;1.144;2.871
GRAND;6;CS015;20.171;22.837;13.437;19;12;0.1579;0.2300;1.181;3.011
GRAND;6;CS016;18.424;27.613;8.824;18;12;0.1572;0.2700;1.246;2.559
GRAND;6;CS017;15.498;28.044;2.038;20;12;0.1565;0.2700;1.207;5.072
GRAND;6;CS018;17.802;28.964;4.836;17;12;0.1518;0.2100;1.268;4.638
GRAND;6;CS019;16.555;29.416;5.863;15;12;0.1493;0.2000;1.118;4.537
GRAND;6;CS020;22.217;22.749;11.429;13;12;0.1462;0.2200;0.926;2.673
GRAND;6;CS021;13.810;30.007;9.168;22;12;0.1386;0.1900;1.250;6.290
GRAND;6;CS022;18.913;20.448;7.702;19;11;0.2542;0.5400;1.448;2.612
GRAND;6;CS023;15.989;24.079;10.935;20;11;0.2505;0.4700;1.108;0.864
GRAND;6;CS024;16.109;24.701;6.743;21;11;0.2114;0.4200;1.246;0.796
GRAND;6;CS025;14.685;25.491;5.710;17;11;0.1976;0.4100;1.245;1.313
GRAND;6;CS026;19.011;21.524;10.987;14;11;0.1914;0.3300;1.034;1.803
GRAND;6;CS027;16.110;28.521;3.881;14;11;0.1714;0.2900;1.064;4.188
GRAND;6;CS028;12.924;28.913;7.509;13;11;0.1685;0.2400;0.882;5.138
GRAND;6;CS029;19.980;24.122;9.392;16;11;0.1669;0.2200;1.413;1.424
GRAND;6;CS030;17.488;28.803;10.364;19;11;0.1637;0.3000;1.241;4.191
GRAND;6;CS031;20.799;24.955;12.567;15;11;0.1527;0.2200;1.213;3.510
GRAND;6;CS032;21.175;23.537;9.819;14;11;0.1471;0.1800;1.118;2.463
GRAND;6;CS033;20.582;26.806;9.622;17;11;0.1435;0.2400;1.258;1.517
GRAND;6;CS034;21.935;24.798;9.283;20;11;0.1415;0.2400;1.623;2.207
GRAND;6;CS035;12.930;28.288;5.156;13;11;0.1300;0.1700;1.033;4.517
GRAND;6;CS036;16.172;29.863;8.608;16;11;0.1269;0.1700;1.237;5.564
GRAND;6;CS037;15.359;15.978;13.974;14;10;0.5593;0.9300;0.788;0.931
GRAND;6;CS038;13.977;16.230;16.158;12;10;0.4483;0.7500;0.854;0.159
GRAND;6;CS039;17.743;22.326;8.469;21;10;0.2214;0.4000;1.245;3.044
GRAND;6;CS040;14.371;27.519;4.106;10;10;0.2030;0.3700;0.911;3.537
GRAND;6;CS041;15.477;26.806;10.112;18;10;0.1922;0.3700;1.241;2.663
GRAND;6;CS042;21.857;25.508;7.676;19;10;0.1842;0.4000;1.388;2.540
GRAND;6;CS043;19.864;25.740;8.683;12;10;0.1842;0.2900;1.064;0.592
GRAND;6;CS044;12.191;29.554;6.599;19;10;0.1784;0.2600;1.395;5.904
GRAND;6;CS045;14.139;26.419;0.029;14;10;0.1750;0.3000;1.075;6.415
GRAND;6;CS046;18.687;25.331;9.030;12;10;0.1633;0.2100;1.008;1.203
GRAND;6;CS047;21.799;21.957;10.070;13;10;0.1623;0.2700;1.022;1.307
GRAND;6;CS048;20.031;27.000;11.578;10;10;0.1550;0.2400;0.975;2.769
GRAND;6;CS049;22.947;22.640;9.933;10;10;0.1550;0.2300;1.184;2.246
GRAND;6;CS050;18.570;27.441;11.344;17;10;0.1500;0.2900;1.098;3.120
GRAND;6;CS051;17.055;26.326;10.181;10;10;0.1500;0.1900;1.225;1.927
GRAND;6;CS052;16.640;26.538;8.866;11;10;0.1473;0.2100;1.156;2.826
GRAND;6;CS053;21.636;24.379;11.226;13;10;0.1454;0.2000;1.138;2.909
GRAND;6;CS054;18.863;28.744;6.832;20;10;0.1450;0.2200;1.245;4.134
GRAND;6;CS055;14.482;29.536;5.179;12;10;0.1350;0.1900;1.464;4.865
GRAND;6;CS056;19.978;27.841;8.142;11;10;0.1282;0.1700;1.027;2.558
GRAND;6;CS057;16.213;24.926;9.653;12;9;0.2108;0.3200;1.051;1.380
GRAND;6;CS058;16.600;27.350;4.417;9;9;0.1989;0.2900;0.538;3.003
GRAND;6;CS059;15.559;29.126;11.523;19;9;0.1979;0.3200;1.354;4.735
GRAND;6;CS060;18.235;26.268;7.746;14;9;0.1857;0.2700;1.249;2.321
GRAND;6;CS061;17.412;27.949;6.958;11;9;0.1709;0.3000;1.162;3.520
GRAND;6;CS062;19.809;25.608;11.763;13;9;0.1708;0.2400;1.191;2.527
GRAND;6;CS063;18.597;25.401;10.843;11;9;0.1627;0.2100;1.176;2.044
GRAND;6;CS064;17.532;28.085;3.242;14;9;0.1600;0.2200;1.250;4.538
GRAND;6;CS065;10.700;29.705;6.402;13;9;0.1492;0.2500;1.391;7.012
GRAND;6;CS066;18.865;21.678;9.427;9;9;0.1433;0.2000;0.790;2.155
GRAND;6;CS067;13.801;28.784;6.334;11;9;0.1427;0.2400;1.034;4.356
GRAND;6;CS068;15.344;29.944;7.189;15;9;0.1393;0.2100;1.299;5.157
GRAND;6;CS069;16.280;16.564;14.979;11;8;0.2273;0.5000;1.271;0.892
GRAND;6;CS070;16.966;23.713;8.245;10;8;0.2010;0.3700;0.907;2.769
GRAND;6;CS071;14.119;26.990;6.496;8;8;0.1913;0.3200;0.925;2.710
GRAND;6;CS072;20.908;26.879;5.692;13;8;0.1700;0.2600;1.063;3.936
GRAND;6;CS073;20.996;23.051;12.417;8;8;0.1613;0.2500;0.946;3.248
GRAND;6;CS074;17.900;26.661;5.401;11;8;0.1582;0.3200;1.114;2.764
GRAND;6;CS075;14.131;28.465;7.888;10;8;0.1530;0.2500;1.118;4.329
GRAND;6;CS076;16.212;27.306;6.878;10;8;0.1520;0.2000;1.036;2.539
GRAND;6;CS077;13.671;29.344;3.941;8;8;0.1212;0.1500;0.921;5.334
GRAND;6;CS078;14.139;26.012;1.197;7;7;0.3014;0.5500;0.959;5.238
GRAND;6;CS079;14.753;26.349;11.136;8;7;0.2288;0.3900;1.071;2.644
GRAND;6;CS080;18.052;23.547;12.887;9;7;0.2122;0.3100;1.091;1.590
GRAND;6;CS081;18.796;23.613;14.829;14;7;0.1907;0.3300;1.236;3.566
GRAND;6;CS082;10.966;26.407;0.885;8;7;0.1625;0.2500;0.841;7.237
GRAND;6;CS083;16.790;28.312;8.376;8;7;0.1562;0.1900;1.024;4.214
GRAND;6;CS084;18.821;23.346;10.012;9;7;0.1522;0.3000;1.038;1.785
GRAND;6;CS085;14.228;29.800;10.811;10;7;0.1510;0.2500;0.734;5.782
GRAND;6;CS086;12.812;28.303;2.724;8;7;0.1475;0.2100;0.861;5.604
GRAND;6;CS087;16.098;28.056;5.610;7;7;0.1457;0.2100;0.844;3.156
GRAND;6;CS088;12.332;27.304;1.022;8;7;0.1363;0.1800;0.940;6.556
GRAND;6;CS089;19.409;27.731;10.294;7;7;0.1329;0.2100;0.949;2.480
GRAND;6;CS090;21.269;25.645;10.957;7;7;0.1257;0.1500;0.799;2.231
GRAND;6;CS091;13.555;30.262;6.864;7;7;0.1214;0.1500;0.739;5.846
GRAND;6;CS092;13.213;28.428;9.088;7;6;0.1614;0.2200;0.892;5.322
GRAND;6;CS093;13.736;27.955;1.793;10;6;0.1540;0.2500;1.206;5.612
GRAND;6;CS094;14.680;29.025;3.312;7;6;0.1457;0.1900;1.053;5.043
GRAND;6;CS095;17.295;29.221;7.112;7;6;0.1314;0.1600;0.893;4.649
GRAND;6;CS096;15.083;28.370;6.782;6;6;0.1283;0.1600;0.935;3.588
GRAND;12;CS001;22.478;22.218;7.547;20;12;0.4820;0.8500;1.253;1.011
GRAND;12;CS002;21.065;20.167;7.528;14;12;0.4500;0.8400;0.970;2.429
GRAND;12;CS003;20.159;19.223;9.940;24;12;0.4433;0.7600;1.218;0.827
GRAND;12;CS004;10.952;27.841;2.222;22;12;0.2136;0.3700;1.231;6.840
GRAND;12;CS005;20.000;21.644;11.871;24;12;0.2087;0.4200;1.411;2.464
GRAND;12;CS006;14.322;23.036;12.266;20;12;0.2020;0.4200;1.189;3.143
GRAND;12;CS007;14.295;26.686;5.095;19;12;0.2000;0.3700;1.371;2.509
GRAND;12;CS008;20.286;21.761;14.642;22;12;0.1995;0.4400;1.447;4.127
GRAND;12;CS009;12.760;26.923;3.073;20;12;0.1970;0.3200;1.241;4.707
GRAND;12;CS010;22.261;20.914;11.025;25;12;0.1876;0.3500;1.109;1.342
GRAND;12;CS011;14.466;27.973;9.511;27;12;0.1837;0.3100;1.551;4.297
GRAND;12;CS012;12.001;29.282;4.433;17;12;0.1718;0.2200;0.935;6.008
GRAND;12;CS013;18.679;23.506;11.550;25;12;0.1712;0.2800;1.417;1.016
GRAND;12;CS014;15.107;26.913;7.993;22;12;0.1686;0.2900;1.144;2.871
GRAND;12;CS015;20.171;22.837;13.437;19;12;0.1579;0.2300;1.181;3.011
GRAND;12;CS016;18.424;27.613;8.824;18;12;0.1572;0.2700;1.246;2.559
GRAND;12;CS017;15.498;28.044;2.038;20;12;0.1565;0.2700;1.207;5.072
GRAND;12;CS018;17.802;28.964;4.836;17;12;0.1518;0.2100;1.268;4.638
GRAND;12;CS019;16.555;29.416;5.863;15;12;0.1493;0.2000;1.118;4.537
GRAND;12;CS020;22.217;22.749;11.429;13;12;0.1462;0.2200;0.926;2.673
GRAND;12;CS021;13.810;30.007;9.168;22;12;0.1386;0.1900;1.250;6.290
LOCH;2;CS001;22.761;22.184;7.518;6;4;0.5850;0.8600;0.967;1.077
LOCH;2;CS002;20.145;18.920;9.928;8;4;0.4750;0.8500;1.249;1.048
LOCH;2;CS003;15.934;24.107;10.959;7;4;0.3457;0.5500;0.914;0.896
LOCH;2;CS004;20.697;19.987;7.674;8;4;0.3175;0.6500;0.852;2.490
LOCH;2;CS005;18.807;20.575;8.297;6;4;0.2783;0.4700;1.146;2.149
LOCH;2;CS006;13.609;27.105;4.381;7;4;0.2657;0.5400;1.165;3.517
LOCH;2;CS007;22.218;24.996;7.781;6;4;0.2483;0.3400;0.958;2.147
LOCH;2;CS008;20.490;21.579;14.197;5;4;0.2380;0.3700;0.808;3.982
LOCH;2;CS009;19.434;21.035;11.491;8;4;0.2375;0.3700;0.801;1.856
LOCH;2;CS010;14.727;23.068;12.129;5;4;0.2100;0.3100;0.860;2.768
LOCH;2;CS011;21.675;20.947;11.458;4;4;0.2025;0.3300;0.523;1.720
LOCH;2;CS012;13.688;28.313;6.890;8;4;0.1988;0.2400;1.087;4.086
LOCH;2;CS013;14.916;27.052;7.498;5;4;0.1900;0.3000;0.930;2.726
LOCH;2;CS014;13.939;28.203;9.211;7;4;0.1886;0.2700;1.154;4.861
LOCH;2;CS015;15.221;26.895;8.903;5;4;0.1800;0.2400;0.752;3.398
LOCH;2;CS016;15.944;26.161;9.866;8;4;0.1775;0.2800;0.892;2.037
LOCH;2;CS017;12.203;27.102;1.898;6;4;0.1750;0.3000;1.072;5.914
LOCH;2;CS018;18.738;23.353;12.086;9;4;0.1733;0.2100;0.989;1.157
LOCH;2;CS019;18.791;23.593;14.716;9;4;0.1667;0.3100;1.129;3.453
LOCH;2;CS020;18.071;26.100;10.152;5;4;0.1660;0.1900;1.118;2.083
LOCH;2;CS021;20.880;26.628;6.051;6;4;0.1650;0.2100;0.941;3.522
LOCH;2;CS022;18.394;27.192;10.616;4;4;0.1625;0.1900;0.821;2.606
LOCH;2;CS023;20.283;24.950;12.929;6;4;0.1617;0.2200;0.954;3.494
LOCH;2;CS024;18.273;25.528;9.088;6;4;0.1600;0.2300;1.035;1.588
LOCH;2;CS025;15.596;28.271;3.437;8;4;0.1588;0.3500;0.981;4.231
LOCH;2;CS026;16.372;29.439;6.691;6;4;0.1583;0.2600;0.964;4.578
LOCH;2;CS027;17.334;27.746;7.016;5;4;0.1560;0.1900;0.892;3.329
LOCH;2;CS028;19.842;27.270;5.492;5;4;0.1560;0.2500;1.026;4.129
LOCH;2;CS029;22.112;21.396;10.109;4;4;0.1550;0.2100;0.762;0.830
LOCH;2;CS030;16.897;29.115;4.700;4;4;0.1550;0.2100;0.682;4.511
LOCH;2;CS031;22.545;22.631;10.017;5;4;0.1540;0.2000;0.928;2.079
LOCH;2;CS032;18.163;28.762;7.501;5;4;0.1500;0.1700;0.997;4.038
LOCH;2;CS033;18.482;26.955;8.149;7;4;0.1500;0.2100;1.084;2.256
LOCH;2;CS034;14.682;29.410;10.917;7;4;0.1486;0.2400;1.140;5.240
LOCH;2;CS035;13.192;29.087;5.067;8;4;0.1475;0.1800;0.941;5.011
LOCH;2;CS036;20.027;26.495;10.690;8;4;0.1425;0.2000;1.244;1.752
LOCH;2;CS037;21.062;24.971;11.483;6;4;0.1417;0.1900;0.869;2.611
LOCH;2;CS038;21.725;23.946;10.519;6;4;0.1417;0.1700;1.182;2.768
LOCH;2;CS039;14.757;28.058;2.042;6;4;0.1417;0.1900;1.157;5.180
LOCH;2;CS040;11.510;29.681;6.211;7;4;0.1371;0.1900;1.110;6.417
LOCH;2;CS041;14.815;29.895;7.825;4;4;0.1350;0.1600;0.911;5.364
LOCH;2;CS042;15.041;29.409;5.509;5;4;0.1260;0.1400;0.888;4.568
LOCH;2;CS043;20.640;23.033;12.524;4;4;0.1225;0.1600;0.769;2.946
LOCH;2;CS044;15.414;15.917;13.967;4;3;0.6100;0.9400;0.708;0.940
LOCH;2;CS045;15.836;24.095;13.427;4;3;0.3225;0.4300;0.845;2.715
LOCH;2;CS046;17.811;21.822;8.587;4;3;0.3200;0.4900;0.771;3.057
LOCH;2;CS047;14.742;26.889;4.994;4;3;0.2825;0.4600;0.616;2.464
LOCH;2;CS048;14.647;23.269;13.634;3;3;0.2567;0.4100;0.762;3.660
LOCH;2;CS049;10.831;28.246;3.020;4;3;0.2450;0.4700;0.875;6.711
LOCH;2;CS050;22.687;20.225;10.670;5;3;0.2440;0.3700;0.807;1.315
LOCH;2;CS051;17.678;23.366;13.200;3;3;0.2433;0.3800;0.754;1.824
LOCH;2;CS052;12.602;26.980;3.193;3;3;0.2300;0.3200;0.479;4.763
LOCH;2;CS053;13.347;25.946;-0.018;3;3;0.2267;0.3100;0.699;6.621
LOCH;2;CS054;16.565;27.627;4.224;4;3;0.2200;0.3100;0.703;3.323
LOCH;2;CS055;19.257;24.494;9.440;3;3;0.2167;0.3100;0.644;1.215
LOCH;2;CS056;15.436;28.400;11.592;5;3;0.2100;0.3100;0.903;4.089
LOCH;2;CS057;14.899;26.513;11.118;6;3;0.1967;0.2800;0.945;2.655
LOCH;2;CS058;13.995;26.546;1.540;5;3;0.1960;0.3600;1.161;5.116
LOCH;2;CS059;21.627;22.203;12.397;5;3;0.1820;0.2300;0.859;3.044
LOCH;2;CS060;22.444;24.062;8.986;3;3;0.1767;0.2000;0.393;2.288
LOCH;2;CS061;17.816;28.287;11.393;6;3;0.1700;0.2200;0.974;3.910
LOCH;2;CS062;18.762;22.852;9.886;5;3;0.1680;0.2600;0.857;1.796
LOCH;2;CS063;11.488;28.835;4.004;4;3;0.1625;0.1900;1.025;6.178
LOCH;2;CS064;18.943;26.132;12.373;7;3;0.1614;0.2000;1.075;3.107
LOCH;2;CS065;17.123;23.801;10.456;3;3;0.1600;0.1800;0.728;0.986
LOCH;2;CS066;17.253;29.039;9.264;4;3;0.1600;0.2200;0.898;4.366
LOCH;2;CS067;20.187;25.419;8.711;3;3;0.1600;0.1900;0.573;0.633
LOCH;2;CS068;19.963;26.724;7.953;4;3;0.1600;0.1900;0.986;1.755
LOCH;2;CS069;12.339;29.422;8.092;8;3;0.1537;0.2100;1.141;6.042
LOCH;2;CS070;20.642;23.730;9.401;4;3;0.1525;0.2100;0.753;1.974
LOCH;2;CS071;16.148;28.065;8.384;4;3;0.1525;0.2400;0.818;3.920
LOCH;2;CS072;12.993;28.642;3.172;3;3;0.1467;0.2100;0.840;5.474
LOCH;2;CS073;21.340;26.354;7.217;4;3;0.1400;0.1700;0.887;2.640
LOCH;2;CS074;18.800;28.581;9.647;3;3;0.1367;0.1600;0.763;3.252
LOCH;2;CS075;19.001;24.349;11.269;5;3;0.1300;0.1800;0.883;1.861
LOCH;2;CS076;13.885;30.060;9.588;3;3;0.1300;0.1600;0.491;6.303
LOCH;2;CS077;19.491;28.014;6.956;5;3;0.1300;0.1800;0.902;3.390
LOCH;2;CS078;20.626;22.603;10.190;3;3;0.1267;0.1300;0.712;2.313
LOCH;2;CS079;15.653;27.997;5.852;3;3;0.1233;0.1300;0.875;3.067
LOCH;2;CS080;15.380;29.604;9.136;3;3;0.1200;0.1300;0.549;5.491
LOCH;2;CS081;14.928;16.410;15.726;2;2;0.6650;0.9000;0.671;1.151
LOCH;2;CS082;14.366;25.684;5.917;3;2;0.2800;0.3100;0.503;1.648
LOCH;2;CS083;18.173;22.662;15.952;2;2;0.2550;0.3200;0.445;4.503
LOCH;2;CS084;18.519;28.508;5.504;2;2;0.2100;0.2100;0.481;4.497
LOCH;2;CS085;19.440;21.082;15.082;5;2;0.2020;0.3000;1.031;4.319
LOCH;2;CS086;16.935;27.971;2.413;2;2;0.1800;0.1900;0.201;4.851
LOCH;2;CS087;15.186;25.497;12.600;2;2;0.1750;0.2500;0.369;2.457
LOCH;2;CS088;19.798;23.483;13.703;2;2;0.1750;0.2300;0.474;3.004
LOCH;2;CS089;16.264;28.979;10.224;2;2;0.1750;0.1900;0.464;4.478
LOCH;2;CS090;16.616;24.718;9.255;3;2;0.1700;0.2200;0.756;1.650
LOCH;2;CS091;21.374;26.165;9.287;2;2;0.1550;0.1900;0.382;1.647
LOCH;2;CS092;16.907;25.037;12.016;2;2;0.1450;0.1700;0.699;1.230
LOCH;2;CS093;16.894;26.664;8.410;2;2;0.1300;0.1400;0.314;3.119
LOCH;2;CS094;16.057;27.124;12.120;2;2;0.1200;0.1300;0.354;2.901
LOCH;2;CS095;18.498;28.147;3.937;2;2;0.1150;0.1300;0.614;4.668
LOCH;2;CS096;13.600;30.309;6.954;2;2;0.1150;0.1300;0.528;5.886
LOCH;2;CS097;21.980;20.571;8.158;2;2;0.1100;0.1100;0.478;1.619
LOCH;2;CS098;18.996;21.888;13.127;2;2;0.1100;0.1200;0.398;2.220
LOCH;4;CS001;22.761;22.184;7.518;6;4;0.5850;0.8600;0.967;1.077
LOCH;4;CS002;20.145;18.920;9.928;8;4;0.4750;0.8500;1.249;1.048
LOCH;4;CS003;15.934;24.107;10.959;7;4;0.3457;0.5500;0.914;0.896
LOCH;4;CS004;20.697;19.987;7.674;8;4;0.3175;0.6500;0.852;2.490
LOCH;4;CS005;18.807;20.575;8.297;6;4;0.2783;0.4700;1.146;2.149
LOCH;4;CS006;13.609;27.105;4.381;7;4;0.2657;0.5400;1.165;3.517
LOCH;4;CS007;22.218;24.996;7.781;6;4;0.2483;0.3400;0.958;2.147
LOCH;4;CS008;20.490;21.579;14.197;5;4;0.2380;0.3700;0.808;3.982
LOCH;4;CS009;19.434;21.035;11.491;8;4;0.2375;0.3700;0.801;1.856
LOCH;4;CS010;14.727;23.068;12.129;5;4;0.2100;0.3100;0.860;2.768
LOCH;4;CS011;21.675;20.947;11.458;4;4;0.2025;0.3300;0.523;1.720
LOCH;4;CS012;13.688;28.313;6.890;8;4;0.1988;0.2400;1.087;4.086
LOCH;4;CS013;14.916;27.052;7.498;5;4;0.1900;0.3000;0.930;2.726
LOCH;4;CS014;13.939;28.203;9.211;7;4;0.1886;0.2700;1.154;4.861
LOCH;4;CS015;15.221;26.895;8.903;5;4;0.1800;0.2400;0.752;3.398
LOCH;4;CS016;15.944;26.161;9.866;8;4;0.1775;0.2800;0.892;2.037
LOCH;4;CS017;12.203;27.102;1.898;6;4;0.1750;0.3000;1.072;5.914
LOCH;4;CS018;18.738;23.353;12.086;9;4;0.1733;0.2100;0.989;1.157
LOCH;4;CS019;18.791;23.593;14.716;9;4;0.1667;0.3100;1.129;3.453
LOCH;4;CS020;18.071;26.100;10.152;5;4;0.1660;0.1900;1.118;2.083
LOCH;4;CS021;20.880;26.628;6.051;6;4;0.1650;0.2100;0.941;3.522
LOCH;4;CS022;18.394;27.192;10.616;4;4;0.1625;0.1900;0.821;2.606
LOCH;4;CS023;20.283;24.950;12.929;6;4;0.1617;0.2200;0.954;3.494
LOCH;4;CS024;18.273;25.528;9.088;6;4;0.1600;0.2300;1.035;1.588
LOCH;4;CS025;15.596;28.271;3.437;8;4;0.1588;0.3500;0.981;4.231
LOCH;4;CS026;16.372;29.439;6.691;6;4;0.1583;0.2600;0.964;4.578
LOCH;4;CS027;17.334;27.746;7.016;5;4;0.1560;0.1900;0.892;3.329
LOCH;4;CS028;19.842;27.270;5.492;5;4;0.1560;0.2500;1.026;4.129
LOCH;4;CS029;22.112;21.396;10.109;4;4;0.1550;0.2100;0.762;0.830
LOCH;4;CS030;16.897;29.115;4.700;4;4;0.1550;0.2100;0.682;4.511
LOCH;4;CS031;22.545;22.631;10.017;5;4;0.1540;0.2000;0.928;2.079
LOCH;4;CS032;18.163;28.762;7.501;5;4;0.1500;0.1700;0.997;4.038
LOCH;4;CS033;18.482;26.955;8.149;7;4;0.1500;0.2100;1.084;2.256
LOCH;4;CS034;14.682;29.410;10.917;7;4;0.1486;0.2400;1.140;5.240
LOCH;4;CS035;13.192;29.087;5.067;8;4;0.1475;0.1800;0.941;5.011
LOCH;4;CS036;20.027;26.495;10.690;8;4;0.1425;0.2000;1.244;1.752
LOCH;4;CS037;21.062;24.971;11.483;6;4;0.1417;0.1900;0.869;2.611
LOCH;4;CS038;21.725;23.946;10.519;6;4;0.1417;0.1700;1.182;2.768
LOCH;4;CS039;14.757;28.058;2.042;6;4;0.1417;0.1900;1.157;5.180
LOCH;4;CS040;11.510;29.681;6.211;7;4;0.1371;0.1900;1.110;6.417
LOCH;4;CS041;14.815;29.895;7.825;4;4;0.1350;0.1600;0.911;5.364
LOCH;4;CS042;15.041;29.409;5.509;5;4;0.1260;0.1400;0.888;4.568
LOCH;4;CS043;20.640;23.033;12.524;4;4;0.1225;0.1600;0.769;2.946
